{
   "openMP" : {
      "8192" : {
         "error" : 0.0,
         "time" : 11101.99992686
      }
   },
   "serial" : {
      "8192" : {
         "error" : 0.0,
         "time" : 144582.04806299999
      }
   }
}
