{
   "openMP" : {
      "5120" : {
         "error" : 0.0,
         "time" : 2041.3605569000001
      }
   },
   "serial" : {
      "5120" : {
         "error" : 0.0,
         "time" : 32252.587791259997
      }
   }
}
