{
   "openMP" : {
      "7168" : {
         "error" : 0.0,
         "time" : 6914.6080274600017
      }
   },
   "serial" : {
      "7168" : {
         "error" : 0.0,
         "time" : 83443.627371140014
      }
   }
}
