{
   "Error" : {
      "1024" : {
         "sycl_gpu" : 0.0
      },
      "16" : {
         "sycl_gpu" : 0.0
      },
      "32" : {
         "sycl_gpu" : 0.0
      },
      "64" : {
         "sycl_gpu" : 0.0
      }
   },
   "Times" : {
      "sycl" : {
         "1024" : {
            "time" : 8.4978748999999993
         },
         "16" : {
            "time" : 10.556178299999999
         },
         "32" : {
            "time" : 1.9218710999999997
         },
         "64" : {
            "time" : 2.0026205999999998
         }
      }
   }
}
