{
   "Error" : {
      "1024" : {
         "sycl_gpu" : 0.0
      },
      "16" : {
         "sycl_gpu" : 0.0
      },
      "32" : {
         "sycl_gpu" : 0.0
      },
      "64" : {
         "sycl_gpu" : 0.0
      }
   },
   "Times" : {
      "sycl" : {
         "1024" : {
            "time" : 10.163600000000001
         },
         "16" : {
            "time" : 19.944400000000002
         },
         "32" : {
            "time" : 1.7547000000000001
         },
         "64" : {
            "time" : 1.7765000000000002
         }
      }
   }
}
