{
   "Error" : {
      "16" : {
         "cuBLAS" : 9.8809849191638932e-14,
         "cuBLAS_async" : 9.8809849191638932e-14,
         "cuBLAS_tensor" : 1.1237149238586426,
         "cudaNaive" : 0.0,
         "cudaTiled" : 0.0
      },
      "32" : {
         "cuBLAS" : 0.0,
         "cuBLAS_async" : 0.0,
         "cuBLAS_tensor" : 3.1239790916442871,
         "cudaNaive" : 0.0,
         "cudaTiled" : 0.0
      },
      "64" : {
         "cuBLAS" : 0.0,
         "cuBLAS_async" : 0.0,
         "cuBLAS_tensor" : 5.4716415405273438,
         "cudaNaive" : 0.0,
         "cudaTiled" : 0.0
      }
   },
   "Times" : {
      "cuBLAS" : {
         "16" : {
            "time" : 5.5594999999999999
         },
         "32" : {
            "time" : 1.444
         },
         "64" : {
            "time" : 0.40400000000000003
         }
      },
      "cuBLAS_Tensor" : {
         "16" : {
            "time" : 0.45850000000000002
         },
         "32" : {
            "time" : 0.49349999999999999
         },
         "64" : {
            "time" : 0.4345
         }
      },
      "cuBLAS_async" : {
         "16" : {
            "time" : 0.54700000000000004
         },
         "32" : {
            "time" : 0.42599999999999999
         },
         "64" : {
            "time" : 0.42699999999999999
         }
      },
      "cudaNaive" : {
         "16" : {
            "time" : 23.510999999999999
         },
         "32" : {
            "time" : 0.121
         },
         "64" : {
            "time" : 0.2225
         }
      },
      "cudaTiled" : {
         "16" : {
            "time" : 0.11550000000000001
         },
         "32" : {
            "time" : 0.1285
         },
         "64" : {
            "time" : 0.16650000000000001
         }
      }
   }
}
