{
   "Error" : {
      "1024" : {
         "sycl_cpu" : 0.0
      },
      "16" : {
         "sycl_cpu" : 0.0
      },
      "32" : {
         "sycl_cpu" : 0.0
      },
      "64" : {
         "sycl_cpu" : 0.0
      }
   },
   "Times" : {
      "sycl" : {
         "1024" : {
            "time" : 16.186221700000001
         },
         "16" : {
            "time" : 17.989463000000001
         },
         "32" : {
            "time" : 1.5104117000000001
         },
         "64" : {
            "time" : 1.5372316999999998
         }
      }
   }
}
