{
   "Error" : {
      "16" : {
         "cuBLAS" : 9.8809849191638932e-14,
         "cuBLAS_async" : 9.8809849191638932e-14,
         "cuBLAS_tensor" : 9.8809849191638932e-14,
         "cudaNaive" : 0.0,
         "cudaTiled" : 0.0
      },
      "32" : {
         "cuBLAS" : 0.0,
         "cuBLAS_async" : 0.0,
         "cuBLAS_tensor" : 0.0,
         "cudaNaive" : 0.0,
         "cudaTiled" : 0.0
      },
      "64" : {
         "cuBLAS" : 0.0,
         "cuBLAS_async" : 0.0,
         "cuBLAS_tensor" : 3.9721559375038851e-12,
         "cudaNaive" : 0.0,
         "cudaTiled" : 0.0
      }
   },
   "Times" : {
      "cuBLAS" : {
         "16" : {
            "time" : 5.8155000000000001
         },
         "32" : {
            "time" : 1.5195000000000001
         },
         "64" : {
            "time" : 0.3735
         }
      },
      "cuBLAS_Tensor" : {
         "16" : {
            "time" : 0.39250000000000002
         },
         "32" : {
            "time" : 0.41099999999999998
         },
         "64" : {
            "time" : 0.46850000000000003
         }
      },
      "cuBLAS_async" : {
         "16" : {
            "time" : 0.41249999999999998
         },
         "32" : {
            "time" : 0.78749999999999998
         },
         "64" : {
            "time" : 0.72499999999999998
         }
      },
      "cudaNaive" : {
         "16" : {
            "time" : 23.785
         },
         "32" : {
            "time" : 0.1245
         },
         "64" : {
            "time" : 0.159
         }
      },
      "cudaTiled" : {
         "16" : {
            "time" : 0.10000000000000001
         },
         "32" : {
            "time" : 0.33400000000000002
         },
         "64" : {
            "time" : 0.1895
         }
      }
   }
}
