{
   "Error" : {
      "1024" : {
         "sycl_cpu" : 0.0
      },
      "16" : {
         "sycl_cpu" : 0.0
      },
      "32" : {
         "sycl_cpu" : 0.0
      },
      "64" : {
         "sycl_cpu" : 0.0
      }
   },
   "Times" : {
      "sycl" : {
         "1024" : {
            "time" : 17.954900000000002
         },
         "16" : {
            "time" : 19.523099999999999
         },
         "32" : {
            "time" : 1.5876000000000001
         },
         "64" : {
            "time" : 1.6719999999999999
         }
      }
   }
}
