{
   "openMP" : {
      "6144" : {
         "error" : 0.0,
         "time" : 3677.0476125200007
      }
   },
   "serial" : {
      "6144" : {
         "error" : 0.0,
         "time" : 52529.331534019999
      }
   }
}
